"","x"
"1","covid question from clients what should my company do if an employee tests negative for covid but has textbook sym…"
"2","travel update
from am on mondayjanuaryyou must have proof of a negative coronavirus covid test to…"
"3","somebody gotta give the shots butof those folks are caring for the recordof hospitalized co…"
"4","yesyesyesyesyesyesyesyes
if you followon twitter you know his wonkiness for all things health care…"
"5","sign up for our newsletter atto learn when and how to receive the covid vaccine…"
"6","apparently it’s going to be deep cleaned and repainted covid was in there and so were the trumps ugh"
"7","biden to raise federal minimum wage toan hour in t covid relief plan"
"8","biden lays outtrillion covid relief package withstimulus checks"
"9","we shouldn’t do anything apparently covid is the cure for everything else even old ag…"
"10","i was born in orange county california anaheim on october nd
i was young…"
"11","get in the know tustin covid vaccine townhall tonight"
"12","was he really sick he just had to have covid pneumonia not the normal one he is dramatic with his histor…"
"13","i know i was paying attention to the early covid videos being leaked out of china…"
"14","what they said about lockdowns before"
"15","covid virus avoids asymptomatic idiots"
"16","honestly this was me pre covid"
"17","ok heresa tip i go to the wet section wipe the bag on the cucumbers or parsly and then its eas…"
"18","and the chinese communist party knew nothing about covid and alerted the who as soon as it found out"
"19","i just want to make out with someone hahaha i hate covid"
"20","many diversity visa immigrants are working on producingdelivering food to americans during covid 
dv…"
"21","bidenstrillion covid relief plan calls for stimulus checks unemployment support and more…"
"22","biden urges focus on covid and economy as trump trial looms"
"23","while record cases of covid and deaths in his state occur everyday hes off to a political fund ra…"
"24","not only that he knew he had covid at the time i really hope they di…"
"25","i want to preorder the newpokemonsnap as a cartridge copy but i also am concerned about covid especia…"
"26","regulator refuses to approve mass daily covid testing at english schoolscoronavirus"
"27","i got happy when he got covid"
"28","many diversity visa immigrants are working on producingdelivering food to americans during covi…"
"29","nysi stochastics crossed abovetoday doing so has led to continuation of trend for multiple weeksout ofti…"
"30","gigs and covid
as the effect of covid riseswe regret to inform the general public that our entertainers will…"
"31","looking forward to hearing the crowd reaction the next time you ever appear in public or better yet may…"
"32","he might be right but remember covid is good for moderna share price"
"33","deans list during a covid semester should count twice congrats"
"34","i am fully convinced that these movie productions were still going on during the peak of covid because there is toooooooo much content out"
"35","meanwhile something else in us is also in high gear covid the country is flooded with virus with …"
"36","when covid is “over” i will be renting out a cabin in gatlinburg with my best friends and their friends and we are…"
"37","work for home to avoid covidearnweekly without sending money to anyone ask me how or inbox me directly"
"38","wcsd looks for volunteers to help immunize thousands of employees"
"39","usually emails from school are about covid tonight it’s a blizzard next week grasshoppers"
"40","seriously stop going to these these states are reporting record covid cases daily and hospitals are at capacity…"
"41","well i do not like hypothetical situations but saying covid made zero…"
"42","disney during a pandemic yeah we will keep it open we like money 
people go to disneyland and spread covid thr…"
"43","new connect care bytesblog postingcovid and connect careaccessing public health act forms"
"44","she took covid vaccine a week ago she is from us and a very real person
god 
<U+0001F631><U+0001F631><U+0001F97A><U+0001F97A>"
"45","couldn’t agree more i have been out of work since april due to covid"
"46","i need to know if covid is planning on going away anytime soon"
"47","i also write to random folks on facebook insta linkedin stocktwitsim retired an…"
"48","sep stday virus mimicked covid tested twice negative still ran a fever diagnosed with acute…"
"49","colorado covid cases increase todeaths tocolorado ncovrecombinomics inc"
"50","covid rahh <U+0001F629><U+0001F62D> god has hidden us from this deadly pestilence amp we should just be thanking him nothing to quarrel ab…"
"51","why soon as i drank that soda from mc donald’s my stomach started hurting and i had to go to the bathroom do i see…"
"52","watching dc become a fortress i feel bad that joe biden and kamala harris will not be able to celebrate their inaug…"
"53","jokes radiocanada head travelled to florida despite federal travel advisory"
"54","postcovid lungs worse than the worst smokers lungs surgeon sayscbs news"
"55","some a dem elderly people ya no fraid a covid or a done dem just done wid life"
"56","then covid became serious in early march and thens when i had to chill lol <U+0001F62D>"
"57","covid infection gives some immunity but virus can still be spread study findsreuters"
"58","california department of public health"
"59","nearly a year ago trump sent a mercy ship and you reneged
sending covid patients into
nursing homes pusshead…"
"60","welp after completely emotionally wrecking my sixyearold by letting her watch the phantom of the opera were all…"
"61","biden lays outtrillion covid relief package withstimulus checks"
"62","id guess three days if it ties in with a covid test but"
"63","did you lost this much quantum of soldiers in any war yetchina has killedmore thanyouramericans by…"
"64","daily updatesus 

casesk lwk
day avglw 

deathslw …"
"65","i wanna go to the mountains for my bday<U+0001F97A>
if y’all have ever stayed in a nice cabin send me that link i won’t be…"
"66","how has covid changed the payment sector the pandemic has significantly accelerated the shift towards digital pa…"
"67","friend commented a few weeks ago wed be benefitting for decades from the knowledge gained with the…"
"68","was telling my mom i might drop off my grandma a meal or something cause covid and she told me that my grandmother…"
"69","another u turn arriving soon"
"70","see the appointment is for you not for covid so it can’t come in"
"71","out of the abundance of caution we will be closed friday and saturday as an employee has been exposed to a covid…"
"72","anyone thinking that wearing a mask will keep them from getting covid is medically ignorant"
"73","trillion is about to be spent in the usa on a covid relief package that will pay for itself once the economy p…"
"74","governor hogan announces expansion of covid vaccine eligibility for marylandersand over



maryland"
"75","all little kids still only call covid “the coronavirus” and they’re right and they should say it"
"76","if you’regoing out in the public you’re definitely going to catch “covid”it’s just is what it is"
"77","trump and his administration avoided a recession by driving the deficit to record high…"
"78","the covid death toll is even worse than it looksthe wall street journal"
"79","come and see kitakolas live in bigolive dealing with covid"
"80","more covid perspectives from our nation’s manufacturers as moderated by omi’s ned hill"
"81","its starting to look like the quality trumps coup attempt is on par with
his courtroom challenges of the electio…"
"82","i actually am for more worried about kelce than hill this is baring any major covid issues with ward"
"83","atshe is the defiant editor of ‘the buzz’"
"84","hey all any unused covid shots not being used let me know and i will be there"
"85","its a little imprudent to share it in the situation of emergency in japan but despite the difficulty we have cre…"
"86","anazing how theyve decided this yet all the players that have been caught breaking the covid rules havent…"
"87","to put it bluntly fucking get your fucking shots you fucking fucks"
"88","may the lord stretch his healing hands on anyone that is sick or have contacted covid and make them whole in je…"
"89","i just read an obituary that specified the decedent did not die from covid <U+0001F602>in a nutshell"
"90","couldn’t remember which number comes after covid lol"
"91","work for home to avoid covidearnweekly without sending money to anyone ask me how or inbox me directly"
"92","still going to the grocery store with new virus variants spreading it’s probably time to stop"
"93","my heartburn is out if control also my husband just had a rapid covid test that came back positive fun times"
"94","ralph’s doesn’t even provide covid as a vaccine option in its reg…"
"95","so does heb have like their own version of the covid vaccine like wild red compared to big red cause sometimes wi…"
"96","joe biden wantstrillion in new covid relief"
"97","covid has never been isolated so why do you insist on disinformation and misinformation fear mongering…"
"98","i think its the covid and the coupvid"
"99","agreed i was born so premature i have problems in every system covid might be a mercy killing"
"100","wish i had covid when i was eating her out so i couldn’t smell or taste jay that nasty shit <U+0001F923><U+0001F923><U+0001F923>"
"101","…"
"102","k died of covid while no one died from the flu lol covid only killed the flu and pneumoniascamdemic"
"103","covid update the town of newmarket will reopen all outdoor skating community rinks and allow tobogganing on fr…"
"104","it is related because it’s been proven that obese people a…"
"105","bloody hell there had to be a covid variant from brazil another twist in this neverending pandemic"
"106","no dumbass those millions of de…"
"107","was just going to do an update on the return of local sports and per usual on this topic down the rabbit hole i w…"
"108","this is what they meant when they said lady gaga concert tickets are as hard to get as the covid vaccine"
"109","bout to have chinese food for first time since covid<U+0001F62C>"
"110","biden unveils the ‘american rescue plan’ includingstimulus checks various other relief intrillion co…"
"111","u sure it was covid"
"112","pts admitted with covid claiming no sick contacts but clearly they did familycaregiver gets tested because of clo…"
"113","i think pretending to have covid would cause you more of a headache than just going to the dentist at t…"
"114","my perspective we werent going to have a normal inauguration anyway thanks to covid and in a way and i truly h…"
"115","biden lays outtrillion covid relief package withstimulus checks"
"116","’s failed obamapolicies will tank our economy he won’t even need a covid pandemic it’s gonna be…"
"117","queenslanders have been enthusiastically learning about their familyhistory in covid lockdown withspike…"
"118","been out of workweeks because i got covid definitely not rolling in cash right now"
"119","some wre going to die for lack of beds
just not covid either
any emergency 
that survivable heart attack or car acc…"
"120","covid deaths are the highest they’ve ever been — and the more infectious variants could make"
"121","as if covid only attacks labelsguess when you have a bulb of air on a set of shoulders you shouldnt expect an…"
"122","so glad dr henry pushed back against the suggestion that porters in hospitals are not at high risk of covid amp shld…"
"123","some insight into californias covid<U+30FC> hospital bed shortage bythe healthcare system in californ…"
"124","excluding the covid anxious times i found calgary friendlier than…"
"125","my mom posted this on her ig and i’m sorry but i’m dying laughing rnshe titled it “covid vaccine effects” okay…"
"126","covid vaccination speed in europe"
"127","maybe they should try applying for something useful like housekeeping for a hospital’s covid ward"
"128","trying to make the most of this covid seasonour high school robotics teamis developing a brand new ga…"
"129","bidens covid plan to include billions for vaccine distribution schoolsbiden transition updates"
"130","i can’t wait to go clothes shopping postcovid because i have no idea what size i am in anything anymore"
"131","richmond city councilwoman voices hesitancy about covid vaccine health experts address skepticism in us…"
"132","joe biden just released histrillion covid relief plan – heres whats in itlet’s just start paying w…"
"133","news is like “ inpeople in la has covid you’re about to hitmillion cases hospitals arecapacity yo…"
"134","why is it that a lot of the symptoms for dka match with covid cause i got one of them"
"135","this is the first time ive heard saskatchewans top doctor entertain the possibility of a fullon lockdown since s…"
"136","if ni start to ramp things up even further i think its more than doable to vaccinate ever…"
"137","no a johns hopkins student site published a newsletter that falsely claim…"
"138","interesting article about corporations have been the biggest influence on the government during covid"
"139","in this covid times where shifts are mad sm after a long shift drove back that long to show me the way this late…"
"140","honestly not mad at my covid birthday so low key and chill <U+0001F60C>"
"141","why does she command such massive supportshe’s a liaris mired in corru…"
"142","see how the vaccine rollout is going in your state"
"143","so i just watched someone do a covid test and violently gaggedand my family say i dont have sensory issues <U+0001F602>"
"144","lethbridge showsnew cases of covidactive case count increases bytowestsidesouthsidenor…"
"145","s covid relief proposal for education

—b for k schools
—b for higher ed
—b for governors…"
"146","investigating outbreaks helps us understand the impact of covid in kingcounty view updated outbreak data now a…"
"147","oh ill try to save since my birthday is indays but hardly anyone remembers especial…"
"148","biden to unveiltrillion covid relief plan includingstimulus checksnpr <U+2066><U+2069> <U+2066>…"
"149","imagine the girls in my house think its okay to throw a celebration during a pandemic and lockdown idgaf if they…"
"150","covid poses no more of a threat to children than a common cold <U+0001F644>"
"151","my medical professional peers and my man who’s a firefighter paramedic have told me that if you have high blood pre…"
"152","biden lays outtrillion covid relief package withstimulus checks"
"153","bill for covid

they’re mocking you 

don’t forget thosehijackersyears before the pandemic<U+0001F602><U+0001F602><U+0001F602>"
"154","thanks guys you two singlehandedly caused covid heroes my ass"
"155","please fumigate the white house before joe and kamala move in there is so much covid in that place that it needs to be fumigated"
"156","theres an ongoing concern amongst a lot of health professionals that the government isnt acting on the possibili…"
"157","looks like the government did not get to publish the covid stats today what does it achieve in delaying them unle…"
"158","it would be in biden’s best interest to ask for more thantrillion because someone will need money to handle th…"
"159","and who caused thisyea rightjust like covidyour king of disaster"
"160","for the recordas covid cases and deaths continue to climb in the us the pandemic of misinf…"
"161","whats that supposed to even mean youre slandering…"
"162","my mother who has diabetes contracted covid from her workplace and before we all knew it the rest of the household…"
"163","anne hathaway races to release locked down covid romcom"
"164","i think it is time for the federal government to takeover all covid responsibility except for the…"
"165","except that if you look at ons data based on death certificates overha…"
"166","in your articleyou’re inaccurate in stating “apart from weekall ca…"
"167","covid uk coronavirus deaths rise bywithnew casesuk newssky news"
"168","this former banking executive wanted to help a friend suffering from lupus now he leads a biotech company on the v…"
"169","hand sanitizer is available throughout the buildings schools have not closed for covid ca…"
"170","just another day absolutely enthralled by the inexhaustible variety of covid life <U+0001F643>"
"171","comment from the superintendent suggesting covid has resulted in increased violence out of school while i…"
"172","great article"
"173","federal data shows san diego county had the fourth most coronavirus cases and deaths in the past week compared to a…"
"174","i cant keep doing this doctor pleads for review of data during covid"
"175","if the bus had too many passengers as it pertains to covid limitations they may have switched to runn…"
"176","icymi despite aincrease in manufacturing jobs since the covid outbreak we know people across ontario…"
"177","though it’s not concrete evidence of the covid vaccine’s effectiveness the data shows a sharp drop in the numbe…"
"178","i have to travel this year to make up for last year so covid need to ahead and dismiss itself"
"179","andhave each received limited amounts of the covid vaccine and each will be…"
"180","immune people can carry the virus despite being having no symptoms and infect other people savedyouaclick"
"181","no more disgusting than the trump name linked to sedition k covid deaths and two impeachment’s…"
"182","saturdays nc state v georgia tech game has been postponed due to positive covid test within nc state program"
"183","previously the students in these rural communities traveled long distances from their homes to schools located in n…"
"184","i would love to know why giant floating hospitals were brought into ny harbor for covid sent by t…"
"185","goodi’d like to get the answer too i think i’ll use the logic of…"
"186","covid is real y’all stay yall tails homebruhlike this ain’t no joke"
"187","minute maid park to serve as vaccination mega site by appointment only"
"188","let’s start something elise wants to go after cuomo when he’s done so good let’s thank him thankyoucuomo for se…"
"189","no we live in a country that spread covidlike butter so we now have to suffer the consequences for it"
"190","what ri towns have the highest rate of covid deaths hospitalizations and cases"
"191","postcovid lungs worse than the worst smokers lungs surgeon sayscbs news"
"192","hinshaw says those businesses had to be included in dec closures to reduce the contact between albertans said that…"
"193","relationships in covid s u c k s"
"194","rightwingers blood drinking satanist bill gates soros blm one word government g agendaob…"
"195","mibmiziki nowplaying collectif des artistesstop covid"
"196","would you or someone in your team be interested in discussing helping proliferate play…"
"197","i need to find a homeschooler because i just know this covid vaccine is about to be required for kids in school"
"198","build your faith in god’s words and take necessary precautions no covid will come nigh your dwelling place in jesus name"
"199","for the recordas covid cases and deaths continue to climb in the us the pandemic of misin…"
"200","biden to announcechecks and national vaccination program as part oftrillion covidrelief plan"
"201","well george a journalist at todays covid briefing asked her to carry on with these dai…"
"202","exactly shes a female sikora shes found a way to monetize covid denial thr…"
"203","<U+26A0><U+FE0F> free online emergency preparedness training

the covid pandemic challenged the delivery of local preparednes…"
"204","ironically i caught covid one year ago yesterday at the javits center"
"205","my condolences to the friends families and communities of thealbertans we have lost today to covid covidab covid"
"206","dr shahab may advise the government to bring down a hammer of new public health measures if the province’s unsustai…"
"207","meth is a preventative for covid everything is fine"
"208","i live in california where fast food is more essential than schoolso my teenager got covid at…"
"209","we are hanging in there my wife and i caught the covid we are fighters but the want us to do this infus…"
"210","i know a few people got covid here in orange county"
"211","aftermonths of delaydenial i got iv crohn’s med today i made ceo alex gorsky richer his net worth ismil…"
"212","uk is readying itself to use the drug interferon beta to fight covid in hospitalised patients…"
"213","oh new jersey"
"214","she took covid vaccine a week ago she is from uk and a very real person
god 
<U+0001F631><U+0001F631><U+0001F97A><U+0001F97A>"
"215","as we host tonight’s rrcouncil meeting both inperson and virtually to adhere to social distancing protocols relat…"
"216","covid <U+0001F440>"
"217","right covid is cured yaallcome on back to work"
"218","death from covid"
"219","our city had the st covid outbreak on the east coast
we flattened the curve and went all the way down tocases…"
"220","people who recover from covid have been reinfectedso you’re wrong"
"221","your store on new market in va is so dirty that im worried i will catch covid there now you wan…"
"222","oan and fox news are the enabler of deaths whether it be from climate change covid or ins…"
"223","i really wish covid would just go away…"
"224","oh well what if covid gets her"
"225","giletsjaunes <U+0001F621> <U+0001F637> insupportable <U+0001F91C>"
"226","yo any recs for little covidfriendly rentals driving distance from dc eg cabins etc wifi optional this is for relaxation purposes"
"227","were back baby
new venue new nights new covid safe plan
head to fb insta or team app for all the details…"
"228","son possibly dropping tonight

i guess i’ll be pulling the trigger on son gtgt kdb amp hoping that no more covid nonse…"
"229","what’s the black market for covid vaccines looking like i’d pay likeextra"
"230","got my first pfizer covidvaccine dose"
"231","was given a chance and chose not to fuck that
the venn diagram of people who dont think covid is rea…"
"232","got my first dose covid vaccine today feeling good about this choice i hope everyone gets the vaccine save lives"
"233","feeling like shit want covid gone so i can get coked up at parties again"
"234","upset about parler huh have you talked to your ag about the insurrection bet you dont give a sh…"
"235","this is the exact point i tried to make to a friend i met while dogwalking this afternoon lockdowns may help when…"
"236","i would contact the labor board since you should be protected under the fmla act since your wife had covid"
"237","aboutpeople a day are dying of covid in the us many say that’s an underestimate those deaths are avoidab…"
"238","covid tory mp warns boris johnson his leadership could be on the tablebut swiftly backs downsky news"
"239","i dont get the being exempt during the war nobody felt the need to be exempt from wearing a gas…"
"240","baba covid by the name sefe be like horror filmna scape goat diseaseother o…"
"241","i pray my dad beats this covid idem manfuck man"
"242","is this the very same quarantine service that has left all covidquarantine decisions up to the states…"
"243","are watching every professional who speaks up for long covid patients desperately hoping they wil…"
"244","tax the rich dammitprogressives are pushing for progressive tax increases to address covidrelated funding g…"
"245","how are the covid symptoms today"
"246","if he wasn’t party to the fraud those soldiers would be home safe with their families i pray…"
"247","for the recordas covid cases and deaths continue to climb in the us the pandemic of mis…"
"248","imagine that an actual fucking plan"
"249","entering phaseupdate pfizer has been approved by philippine fda as ofkindly read this link<U+0001F447><U+0001F3FB>…"
"250","here are some great resources re covid from the maricopa democraticparty of arizona"
"251","nh peopleand older can register for covid vaccine next week"
"252","icymi vfl shazzon bradley joinedandon sportstalk to talk about his battle with covi…"
"253","this won’t help anything but anything to push for covid numbers to go up so you can feel in control to…"
"254","every person should geta month not because of covid just because its a good system that helps people and…"
"255","a little surprised by the move now as clubs probably will spend more this summer assuming covid is un…"
"256","after seeing his meeting with civil rights leaders not surprised and seems that joe biden will make minorities an…"
"257","i wonder what arthur b sleigh would think of his newspaperyears on"
"258","fuck cancer fuck covid and fuck the government <U+203C><U+FE0F>"
"259","i blame covid brain for the falling joke i just didnt want to share a screenshot of my tax amp bank info<U+0001F602>"
"260","you must readthis
doctor’s death after covid vaccine is being investigated"
"261","latino black children twice as likely to endure multiple covidrelated hardships"
"262","walmart temporarily closes a store in long beach for covid sanitizing"
"263","covid measures also suppress flu—for now"
"264","side  i just read a really interesting article about using the covid vaccines mrna technology for c…"
"265","my intrusive thought of the day is someone with covid spit in my food"
"266","jokes on you guys i’ve seen my mom giving herself the covid vaccine multiple times as a child"
"267","and they’re removing the use of an anesthetic when it’s argued covid could make the injection even more painful the…"
"268","sorry for no dbd this afternoon my mother amp step father were rushed to the hospital with covidboth placed in…"
"269","of total cases have fully recovered andof total cases have died the rest of the reported cases are sti…"
"270","the underlying dynamics that made the abnormality of college football during a global health crisis possible were…"
"271","staff member was contacted to self isolate after visiting woolies covid they tracked him down via his woolies rewards card"
"272","unfortunately the situation in america is completely different to australia covid wise 
it is what it is…"
"273","<U+0001F633><U+0001F30E>texas trauma surgeon says ‘postcovid lungs look worse than any type of"
"274","hardly anyone is using the covid tracer app something needs to change do your duty people"
"275","read article got to bottom copysend url and it’s a different article’s link
if you scroll slowly you’ll see url…"
"276","they can’t leave the bay area fast enoughthe new york times"
"277","covid cares about your reservation"
"278","the ons figures on deathswk show excess deaths about day above the …"
"279","my only living grandmother got the covid vaccine today"
"280","oregon daily covid cases at start ofweek pause


oregon daily covid cases afterweek paus…"
"281","sandrachris how was the first day of lockdown for you 
pour yourself a bottle of wine and enjoy this covid slo…"
"282","snuck through at peak of covid first wave"
"283","sorry your vaccine is poison it’s going to kill more people than covid i wouldn’t take it ever"
"284","like a true georgian when the body aches and chills from my second covid vaccine set in i took a goody powder cond…"
"285","a tornado blew our house away inini have been workinghour days to develop treatme…"
"286","daily telegraph rebuked over toby youngs covid column"
"287","have heard of five different instances of people being potentially exposed to covid in the lasthours including…"
"288","biden lays outtrillion covid relief package withstimulus checks"
"289","chicago and new york miraculously not caring about covid anymore and coincidentally wanting to open back up now"
"290","covid is still alive and welljust let him go on i would have laid his ass out tho"
"291","seven residents in quebec got coviddays after first vaccine dose guess first dose ffective"
"292","people died yesterday from covid in the uk<U+0001F494>"
"293","according to this"
"294","the number of people actively battling covid in bc fell for the fifth consecutive day to the lowest total sin…"
"295","roy died back in may of covid
rip"
"296","the only way russia is not winning the team event in skating if all there skaters have covid which is totally possible"
"297","alberta eases some covid restrictions"
"298","new research characteristics of covid patients based on the results of nucleic acid and specific antibodies and…"
"299","missing my flight because a covid clinic ghosted meis there anything i can do is a new top post on rlegalad…"
"300","my husband and son have always been amazed at how easy it is to go on vacation in a way it was m…"
"301","apparently the shooting doesn’t really start when the looting starts trump and his aides are looting the white ho…"
"302","for the recordas covid cases and deaths continue to climb in the us the pandemic of misinfor…"
"303","not a vaccineit’s an experimental therapy all candidates monitored until trial…"
"304","regulator refuses to approve mass daily covid testing at english schools"
"305","postcovid lungs worse than the worst smokers lungs surgeon says"
"306","ontario declares emergency amid surging covid cases as canada buys more vaccines"
"307","very good documentary on possible china covid coverup made by the bbc

satellite images around wuha…"
"308","oh brother our covid cases are through the roof no one isn’t trying to “take your guns”abbot is the worst"
"309","yay today i had my firstout of two covid vaccines i’ve never been so happy to have a shot"
"310","will let this one slide <U+0001F61C>"
"311","if you did there would be no chance of a trampoline didnt you know they are more dangerous than covid"
"312","we gotta get smarter about labels folks

masking pneumonia reality of the novel coronavirus allowed for hostile t…"
"313","he doesn’t have to give endlesshe is giving what usa hasn’tsee the other countries covid…"
"314","you can catch covid anywhere and still that’s no excuse to not stay home"
"315","these traitors also considered covid a hoax wonder how they feel about it now that prison a hot spot for covid looms"
"316","money should be no issue for government to procure covid vaccines experts say"
"317","how when didand thedevelop amp approve a new test to incorporate the new stra…"
"318","did something bad happen todaywell my buddy got covid but besides that no tellonym"
"319","like watching paint dry but at least the process is unfolding"
"320","years after covid is gone and i’m still gonna be like “sorry can’t go to your party i’m social distancing”"
"321","ini droppedlbsbig thing i learned there was how to eat well and in moderati…"
"322","m lives lost globally to covid terrible covid coronavirus"
"323","for sure i went through this with my grandfather as well last year but because covid kept me apart…"
"324","yes all while hessnowballing floridians that hes working sooo hard at dispensing covidvac…"
"325","wont the az significantly reduce viral load therefore lead to far less transmission do you think a zero co…"
"326","can employers require employees to get the covid vaccine can an employee refuse to return to work if his or her…"
"327","with the current climate trumpism has consumed all the excitement formillion who did not vote for him and aren…"
"328","professional and front line workers are the right people to put the world to rights regarding covid just listen to…"
"329","keep in mind once you preregister for the covid vaccine with aph the site might show that there are no vaccine…"
"330","i can’t believe i have to say this but thosedeaths are just covid deaths they…"
"331","trumps partner in allowing covid to run wild"
"332","read comments

they can’t leave the bay area fast enough"
"333","wondering what the bamlanivimab buzz is all about therecently authorized this new drug treatment for eme…"
"334","dont touch your face covid its out there"
"335","cnbc bidenstrillion covid relief plan calls for stimulus checks unemployment support and more…"
"336","you should lock the education dept shame on you destroy the future of students and could not make a c…"
"337","a year into the pandemic a big simple difference between china and the west is clear on average chinese people a…"
"338","lack of taste buds is a symptom of covid"
"339","until i know my appointment datetime for my covid test i’m staying in bed and playing minecraft and not talking t…"
"340","i cant believe i have to contend with covid deniers in this day of our lord january"
"341","shameful no mention bbc questiontime prioritygroups covid vaccination discussionthoserisk…"
"342","kid had an aches and pains one that knocked him for a week just before christmashis coworker who al…"
"343","dont worry this would mean the jobs would get offshore and no tax revenue for us fr…"
"344","back to reality amp i have so many things to do <U+0001F62F><U+0001F62F><U+0001F644> starting with yet another covid test for precaution"
"345","covidneedstrillion again this is how they mock you"
"346","one being in the covid board too extremely frustrating"
"347","wondering what the bamlanivimab buzz is all about therecently authorized this new drug treatment for eme…"
"348","player health amp well being was clearly the last thought on your thick corrupt brain if one single hi…"
"349","covid predominately kills old people 
most of the deaths are in long term ca…"
"350","covidcops mess with the wrong woman"
"351","seriously lol cuz its her job to make covid positive people stay home no that is between them and their doctors…"
"352","checked in forandin an occohio contestthe greyhounds who have…"
"353","anyone know if you can attend dsa meetings from home i mean in the era of covid they must be doi…"
"354","i’m tryna see sumn 
are you planning on getting the covid vaccine"
"355","for the recordas covid cases and deaths continue to climb in the us the pandemic of misinformati…"
"356","my best friend ofyears since college hockey he was a damn good goalie just died of covid i hate this fu…"
"357","covid brazil hospitals run out of oxygen for virus patientssmartnews"
"358","coworker came in monday amp tuesday sounding like death amp coughing after pleas from others in the office he was fina…"
"359","documentary on oneyear anniversary of taiwans fight against covid"
"360","you can get your covid test any time betweenam andpm in the pac concourse on friday jan"
"361","sign this petition to presidentelect biden asking him to issue an executive order banning evictions and utility sh…"
"362","and covid ignorance <U+270A><U+0001F3FE>"
"363","thread brazil is ranked number two in the world lists of covid fatalities behind the usa but that is almost cert…"
"364","you know what i misscentro before covid<U+0001F61E>"
"365","currently her role as sylvia llewelyn davies in finding neverland i am very much covid compromised…"
"366","covid"
"367","some of these ppl that work in thesefast food restaurants won’t get paid for being out with covid smfh that’s stupid af"
"368","rsa conferencegoes all virtual due to covid"
"369","covid isn’t a hoax people are dying shut up kyle"
"370","do u know how strong u gotta be to be study taking exams online support your grandparentsw c bombvery un…"
"371","from your lips to gods earif all victims of foxs intentionally false covid coverage sue they will go out of business"
"372","governor abbott the covid vaccine but for guns"
"373","prayers please i have been sick all year with pneumonia covid"
"374","rep adriano espaillat diagnosed with covid after getting vaccine"
"375","nasa keeps the stem lessons going from homeiste"
"376","cspcontest

i thought one of the best smiles is when we thanked in a pandemic called covid i drew the woman…"
"377","yikesi just moved to ut from the bay area and the lack of masks is astonishingi’m wondering if pe…"
"378","the ratio isnt nearly strong enough for this tweet but im here to do my part 
how about instead o…"
"379","avgdeaths covid per day once we have herd immunity we’ll everyone gets job back right back to gym back t…"
"380","covidtwelvety"
"381","due to covid protocols south carolina head coach frank martin will not be in attendance for lsus matchup satu…"
"382","took memonths to gain lbsthat is record breaking cause normally it would’ve taken meyearsso idk…"
"383","thousands of unnecessary deaths all for the purpose of perpetuating the covid hysteria through election day"
"384","clayton state indoor track and field season canceled over covid concerns"
"385","really what happened to k deathsday what happened to the nd wave what happened to q…"
"386","thats called the covid"
"387","antivaccine doctor joined attack on capitol"
"388","the maddening red tape facing older people who want the vaccine in new york its utterly impossible"
"389","gt incredibly relevant right now we mustn’t forget that those in hosp…"
"390","another case of not following science or statistics in handling this pandemic most of the lives lost are…"
"391","covid claire<U+0001F631><U+0001F631><U+0001F631>"
"392","<U+2066><U+2069> took mycovid shots tonight"
"393","it says if covid is included on the death certificate can u not read"
"394","for the recordas covid cases and deaths continue to climb in the us the pandemic of misinform…"
"395","you said there’s unused vaccine appointments for healthcare workers i work on a covid unit and have…"
"396","year old fitness influencer dmitriy died from covid he thought that covid did not existthen he got sick…"
"397","coronavirus updates biden to give speech on pandemic as daily death toll again exceeds"
"398","i don’t wanna get covid tho so it’s a no from me"
"399","correct we’ve got them getting things back to zero several times and maintaining restrictions and ot…"
"400","if i dont get an achievement unlocked didnt get covid once this pandemic is over im calling xbox"
"401","covid vaccine stocks that could trounce pfizer and moderna instocks nvax pfe mrna bntx…"
"402","alberta loosening covid gathering restrictions on mondaycovidab"
"403","biden has made clear that borrowers need relief especially during covid"
"404","good news the us is doing better than most of its peer countries at getting shots in arms

bad news there are…"
"405","my neighbor got covid <U+0001F627>"
"406","if you watch the mainstream media they will only tell you about covid deaths they wont tell you that as of jan…"
"407","in an alternative universepresident hillary clinton is being brought into congress to answer for the less than …"
"408","<U+0001F6A8>omafra has approved the allocation ofmillion in financial support to riding schools trail and therapeutic rid…"
"409","let me give u more then coloured hair best at beating covid most gl and bl produce then half of my fa…"
"410","trees can’t get covid omg lady watch apacolypse now later"
"411","politico biden’s heralded covid board has no idea what his plan is either"
"412","cz we don’t know what we are saying plus most pull this out oh president says this new thing is why can’t we cure…"
"413","according to south carolina head coach frank martin assistant coach chuck martin and doug edwards who handles s…"
"414","information on covid vaccine eligibility and availability is available on our site"
"415","everybody gets a covid coin from the gift shop"
"416","the problem with that is people like me that have had cov…"
"417","duhsantis needs to bring his sorry azz back to fl and figure out this clusterphuck h…"
"418","agreed on being inured to mass death

my entire thing is

 we’ve already had k deaths w…"
"419","yes but i can finally know peace i’m lowkey judging every single texas reporter on the covid beat…"
"420","i’m noti’m just telling u to chill with attack bcos u knew covid was out there but u were out jammin…"
"421","since yesterdayadditional children betweenenjoyed their first week in school by going to the hospital wi…"
"422","most pro life president ever but letpeople die from covidas a result of his attempted coup…"
"423","and not just because of covid i mean i’ve just become more anxious socially even if i’m with close friends i’ve known for years"
"424","yes nyc sue for your rights to catch covid 
eventually nobody will fucking be alive to even come out to eat but g…"
"425","and our percent positive covid rate is around"
"426","recovering from covid gives similar level of protection to vaccine"
"427","exactly but i think this needs to be a change not only for “right now” but for good one covid silver…"
"428","i remember when i shared my experience and y’all said i was paid to say i had covid <U+0001F97A> anyways that’s not importa…"
"429","plan to discharge covid patients to care homes in england is madness"
"430","one man too much powermitch stifled america with his personal agenda which is why trump not impeached…"
"431","yes americans have been getting a check from the government due to covid and everyones making jokes ab…"
"432","daily reminder to maskup and wash your hands unitedagainstflu

this years flu season is virtually nonexistent…"
"433","pogp course updatecovid education zoom"
"434","<U+262D>

the plan

keep on droppingto americans ostensibly for covid relief as a back door to establishing…"
"435","he really is i haven’t been able to meet him yet bc of covid restrictions but i can’t wait until i do"
"436","this was tricky but i have to go with disney because of all the people that went “waaaah i cant…"
"437","same tbh"
"438","i have been trying since well before christmas to get help with a warranty issue lg dont care blame it on covid t…"
"439","nobody will want to hear this new warning from dr faucismartnews"
"440","alberta loosening covid gathering restrictions on mondaycovidab"
"441","im extremely cautious regarding covid and…"
"442","china and covid the last dragon"
"443","it wont be for a while bc i am currently not working bc of covid and dont have much money but eventually"
"444","recall the hatred and bile of the left when trump got covidthe outpouring of hatred…"
"445","im more concerned we iowans have no idea how many doses of covid vaccine iowa has actually received <U+0001F914>

we als…"
"446","good jack needs to get rid of all the violent insurrectionary and covid disinformation peddlers"
"447","“hey grandad what did you do during the covid pandemic” 

“i did what i could but it was tough one night i s…"
"448","biden lays outtrillion covid relief package withstimulus checks"
"449","your talking in riddles here and then you’ve rubbished your entire point by m…"
"450","mayor mclean i wanted to thank you for all your efforts for covid containment and most re…"
"451","how is covid circulating if everything is shut down this is one reason so many employers doing minimal and halfhe…"
"452","for the recordas covid cases and deaths continue to climb in the us the pandemic of misinforma…"
"453","biden to unveiltrillion covid relief plan includingstimulus checks"
"454","governor scott ihave a question that concern me and others like me i amandmonths old with…"
"455","grey bruce health unit reportsactive covid cases"
"456","ian anytime someone posts a pic with their covid vaccine"
"457","new connect care bytes blog postingcovid and connect careaccessing public health act forms"
"458","the news that los angeles county lost a person from covid every six minutes would be almost one third of the nation…"
"459","me too and we are seeing as many concerts possible covid is not invited she’s so clingy <U+0001F614>"
"460","visa covid payment habits may be here to stay"
"461","covid"
"462","governor what are your thoughts on this frederick sheriff proudly proclaiming hes not following…"
"463","hospitalised patients with covid have compromised gut microbiomes study finds"
"464","someone needs to take that gavel away from nancy she would have never been reelected as speaker b…"
"465","i saw that article earlier this week i think it wasinpeople who get tested have covid regardless thats still crazy"
"466","if you have seen any therapists or counselors precovid check in with them its possible tha…"
"467","rd of la county had covid"
"468","well at least they came around to reality that’s so good it’s not about politics anymore…"
"469","arrested clubber tests positive to covid in police cell"
"470","at this point should we be looking for a vaccine for covid or for political pandering seems covid i…"
"471","yeah the pandemic numbers make feel weird like are we averaging close todeaths daily from covid…"
"472","learn how the openaccess nature of lexagenes miqlab system is designed to be rapidly configured to detect new…"
"473","i think if india manage to win or retain the gavaskarborder trophy this series it should be celebrated more than t…"
"474","communism cures covid you didn’t know"
"475","let’s absolutely turn to the science to protect ourselves from this train of covid in the us my dearest sym…"
"476","between purposely ignoring covid and fomenting sedition its probably best to avoid republicans for your own safety"
"477","total daily cases of covid in scotland as ofjanuarydata compiled by…"
"478","florida’s gas price rose toa gallon upcents from a month ago"
"479","allotments for this shipment of covid vaccine to aph has been filled we encour…"
"480","au contrairehes deleting all his old covid nonsense right nowand st…"
"481","covid is aboutdeaths away from surpassing world war ’s casualties and we’ll hit that next week at the rat…"
"482","takeaway avoid going into stores as much as possible <U+2705> and buy better masks todo

i know some of yall still…"
"483","because all it takes is one person to pass along covid wear your damn mask you have…"
"484","mind charity urge the government to act invest in community services and provide covid safe facetoface mental he…"
"485","the fact that my school wont let me have a teacher do i can learn if i want to stay doing online school is baffling…"
"486","you know that covid stuff is bullshit rightold kook in crocodile dundee inspired leather hat vest and socks…"
"487","thanks “fl man recovers from covid”"
"488","latest ny times newsletter brings up a lot of great points that has nothin…"
"489","instead of covid tests why dont they bring the covid vaccine vacc…"
"490","pssst does anyone out here want a quick covid jab"
"491","pcsos issued three covid fines tonight due to having reports of people visiting an address who should not have…"
"492","the man opened floridia full steam ahead and no covid precautions for the statecan…"
"493","well my family is in okc and it’s open with no mask mandates and my brother and sister both got co…"
"494","i dont believe the experts anymore they are contradicting each other on a daily basis earlier a nhs paramedic…"
"495","brilliant idea lauren onlyamericans currently die of covid every single hour of the day so who…"
"496","mlk day back home in small town souf florida be so lit but covid ol nasty ahh f’d it up<U+0001F612> i just wanted to get dressed and walk thru<U+0001F485><U+0001F3FE>"
"497","if you are looking for rapid rna covid test you can now book at 

first time in canada get…"
"498","japan is an island nation population twice the size of uk with…"
"499","army’s covid vaccine may hold key to beating coronavirus mutations"
"500","you are peddling dangerous misinformation and you need to stop this covid thing is serious"
"501","that’s absolutely not my point pre existing medical condition or not my understanding is they are at si…"
"502","some irish professor going viral about the vaccine killing people won’t help some info to counter…"
"503","faced with complaints about florida’s maddening system for distributing covidvaccines florida surgeon general dr…"
"504","presidentelect joe biden has a great covid relief plan"
"505","covid daystill in hospital day of antibiotics steroids amp slowly improving stats ive avoided icu as do…"
"506","covid is a whole other can of worms 

while we need national s…"
"507","no better time than now to tackle your first open source contribution ajuste no mobile"
"508","januarycovid test results record day deaths"
"509","reasons to start a business online given the changed reality that most of the globe has been facing over the rec…"
"510","alberta eases some covid restrictions"
"511","we are approaching the time when the peer reviewed and more meticulously done sarscovcovid research is emerging…"
"512","starting the th you’ll need a negative covid test to come back into the us"
"513","baltimore city schools expand inperson learning options starting febcbs baltimore"
"514","sir heath problems r in yr region ndp territory is big issue edm most covid cases mst in icuor…"
"515","alberta eases some covid restrictions"
"516","taking a covid test at home is weird because most of it is just sitting on a zoom call alone holding a tube of your own spit"
"517","active covid cases in bc fall to lowest total in almostweeks"
"518","the week exclusive chinese virologist dr limeng yan says covid viru<U+6765><U+81EA>"
"519","just in preselect biden is expected to detail his t relief package in a primetime address thursday—which wil…"
"520","optimal occupancy for a hospital isonly aboutof the active cases a…"
"521","are you serious my mother had covid and it got really scary how could you say that and encourage people not to very wrong"
"522","biden will make his case formore direct cash to americans an extension of and increase to supplemental empl…"
"523","days after contracting covid on placement my lateral test has come back as positive please be aware that the…"
"524","ahead of every other european nation in the covid death toll too well done"
"525","pandemic tech to help battle covid at cescnettechnie womenintech tech"
"526","brazil manaus in the heart of the amazon forest is a mess covid patients are dying suffocated in hospitals w…"
"527","providers throughout the world have now seen many cases of covid and know much more about how it affects pregn…"
"528","nobody minimising anything people dying of covid and lockdown is ruinin…"
"529","fabinho and keita didn’t start playing for us until atleast half way through the season whe…"
"530","retweeting someone elses tweets like this is just plain silly what do you mean by covid sceptics i…"
"531","one person dying everyminutes from covidtrump lied that this pandemic was a “democrat hoax”now we have…"
"532","schools college should remain closed because covid is on full rise and we cant risk our lives
closeschoolsnow…"
"533","dr tam supports vaccine dosage delay pfizer statement 
<U+274C>”safetyefficacy has not been evaluated on…"
"534","…"
"535","opinion why we’re not doing better on covid vaccines"
"536","finally some numbers behind my concern how many excess deaths have occurred because of lack of resources related t…"
"537","for everyone 

unreported truths about covid and lockdowns partintroduction and death counts and estimates"
"538","no no nohitler was completely on top of covidhe realized early on that having…"
"539","taiwan’s handling is pure luck and a joke china banned group tour to taiwan a few months ahead of c…"
"540","the only time you cover children is when they’ve been affected by trump schools are reopening during t…"
"541","so much love and respect for these brave folks these are the kind of risktakers we need the ecological emergency…"
"542","mil new covid cases and k deaths since january st and were supposed to go back to “normal” this year i just…"
"543","the first death from covid in china for eight months today source sky news apparently they say the virus there i…"
"544","however nsw health currently recommends delaying nonessential travel within nsw especially between gre…"
"545","niggas out here being safe and still gettin covid<U+0001F644><U+0001F644><U+0001F644><U+0001F644> is mei’m niggas"
"546","covid"
"547","this covid vaccine art has some nft potential"
"548","my argument is lockdowns are not effective…"
"549","mycolumn on why thesitcom mrmayor isnt all that funnynot a lot of comedy to be mined in…"
"550","help slow the spread of covid and identify at risk cases sooner by selfreporting your symptoms daily even if y…"
"551","i’m with you renee seeing how everybody lives is one…"
"552","i thought “running covid patients on the dry side” had been abandoned soon af…"
"553","its pretty ins…"
"554","designated transportation for covidpositive people"
"555","shout out to board member dr chandra varia

thank you for sharing you chose to take the covid vaccination

she s…"
"556","yesterday i posted the video of this woman who was shaking uncontrollability after taking moderna vaccine
it wen…"
"557","like covid surge didnt do it for la so now they are trying extreme covid surge i feel like you can say extr…"
"558","shrinking economy due to covid amp tensions with tr amp rapidly aging population it is a economical su…"
"559","covid has created momentum for expanding telemedicine and scopes of practice in arkansas arkleg legislators sa…"
"560","parents who have kids doing school from home has covid killed common core math yet <U+0001F91E><U+0001F3FB> commoncore homeschooling"
"561","the coronavirus is erasing minority women from the workforce"
"562","selfemployed dont get wages i should know i am one and i have had zero covid financial support…"
"563","because was many tombs
so
these aborts of i call you
need covid in the ass
no disco
what disco pls
o…"
"564","fordays i will post a picture from a day in the life of an educator prior to covid i will post without explana…"
"565","alberta covid deaths by ages
 years no deaths
 years five deaths
 years seven deaths
…"
"566","thx brian for a great thread i hope some reporters pick up on it avi nath at nih told me recently…"
"567","is it safe to eat chickenwings yet"
"568","yeah i got it only cuz i was doing uber amp lyft and passing by it literally ever day that i was driv…"
"569","bruh everybody but likepeople on the heat in covid protocol"
"570","what theyoure the sweetest i hope we can hang out when covid ends i miss you thank you so much beautiful <U+0001F496>"
"571","i really don’t get it when people say alhamdulillah or padan muka to those who’re infected by covid it’s someth…"
"572","plan for the biden clan
<U+0001F30D><U+0001F476><U+0001F467><U+0001F9D4><U+0001F3FD><U+0001F468><U+200D><U+0001F9B0><U+0001F469><U+0001F3FC><U+200D><U+0001F9B2><U+0001F469><U+0001F3FD><U+0001F468><U+0001F3FF><U+200D><U+0001F393><U+0001F468><U+200D><U+0001F373><U+0001F468><U+0001F3FD><U+200D><U+0001F527><U+0001F9D5><U+0001F575><U+0001F3FD><U+200D><U+2642><U+FE0F>
<U+0001F321>vaccines 
<U+0001F6D1>tax credit increase
<U+0001F5FD>more stimulus to lowall…"
"573","you know whats a bigger hoax than covidcovid vaccine
people being told w th vaccine they could see their fa…"
"574","a wall street journal analysis finds the covid death toll is being seriously undercounted

the us had more th…"
"575","don’t forget what else trump has donereignited decades old racial tensions screwed up covid resp…"
"576","ministerandthere may be some people who want some clarity on covid vaccine distribu…"
"577","when u just spent a ton of time filling out the addendum form on how covid has affected ur worklife for ur faculty…"
"578","we’ve locked down x and people are still being denied critical care not good enough…"
"579","so have you had covid or anything besides covid this year if the answer is no which i…"
"580","which is dangerous of course but my risk of severe complications or death from covid seem to be estimated atin…"
"581","<U+0001F534>portuguese health workerdies two days after getting pfizer jab"
"582","wants to open barsrestaurants we say no if you do covid rates will go up and ctu will use it…"
"583","so black beetle juice wants to open the bars and restaurants asap

trump cured covid by leaving office confirmed"
"584","it is sad to see the decision particularly knowing birds are not known to be carriers of sarscovid"
"585","the extra deaths in victoria were falsely classifieddiagnosed as covid to justify the extended loc…"
"586","listen jim lofgren talks about a plan presented to the sac county board of supervisors that would provide new fina…"
"587","i feel like my voice is getting deeper like i don’t sound the same ever since my birthday not sick not covid just getting old <U+0001F974>"
"588","had some practice for my covid vaccine yesterday flu shot plus tetanus shot my arms are sore"
"589","hopefully they will extend business rates holiday too
i am extremely concerned about this time next y…"
"590","there are at least four bills in the legislature aimed at limiting the governors emergency powers however little…"
"591","covid in the office the zombie dragon has melted the ice wall the north is overrun"
"592","in final transition days biden team gets access to critical covid vaccine data"
"593","after using the excuse of covid to wreck the economy there will be no such thing as retirement 

or savings

o…"
"594","footballers criticised as brainless for hugging in goal celebrations amid covidthats always the trouble with g…"
"595","data from the state this week showed some counties in our area have usedpercent or less of their allocated firs…"
"596","rice purity test but you check off all the things you did that were not covid safe"
"597","a thanksgiving tweet below from andy slavitt who biden just appointed to his covid team…"
"598","phe said although those with antibodies are unlikely to become ill again with covid early evidence from the nex…"
"599","here is my imitial reponse
 rally size does not equal prop…"
"600","hey covid go with your daddy next week he leaves noon on wednesday
so long"
"601","arrested clubber tests positive to covid in police cell"
"602","when are you going to get your employees on the vaccination list should be a priority since they g…"
"603","will covid lead to mecfs if a wave of new cases that doubles the number of americans with mecfs is about to…"
"604","reading between the lines a little bit is this the second time rickys had covid"
"605","he is accountable for his choiceshe must pay his debt to society deutsche amp putin

covid deaths amp…"
"606","why don’t you take the keys and lock up your towninhave covid and you’re complaining about everywhere else"
"607","my uncle died from covid

he retired from the post officeyears ago his mother lived to beand his father…"
"608","this is really disgusting amp unacceptable get him back to his family temporarily get him vaccinated bbc…"
"609","dr bonnie henry announced thursday that health officials are investigating how the person in bc contracted the v…"
"610","i have no interest in covid related memorabilia but i do like these two a lot"
"611","‘to get started on the finish line’ yearold has been waiting for opportunity to get covid vaccine"
"612","its fantastic that thai police now finding illegal gambling dens everywhere in thailand <U+0001F440> and yet only a few wee…"
"613","bidenstrillion covid relief plan calls for stimulus checks unemployment support and more"
"614","covid or not i would be spending founders day in the house"
"615","uk covid update more thandeaths for rd day in a row

 new cases 
 in hospital
 in…"
"616","wow bidens covid plan costs onlydang i didnt know i could end covid usin barelybucks"
"617","that kind of thinking is very ignorant why should they not cry bec…"
"618","ive been blessed to have survivedhealthy but ive had my heart broken hearing about friends t…"
"619","im hungry and cant afford my rent or electric services covid is killing me slowly painfully will i live another day"
"620","data normalization is important i madecharts with the same data different takeaways a surprising find some l…"
"621","yea signing autographs while the game is still playing several covid inf…"
"622","covid brazil hospitals run out of oxygen for virus patientsbbc news"
"623","everytime someone get covid y’all say covid is real like we haven’t been in a damn pandemic since last march"
"624","you also seem to be implying that the covid death toll in the us would be significantly…"
"625","having my nd covid jab next week"
"626","when i had covid i lost my taste and smell so i stopped eating and i lost so much weight i hate it"
"627","really frighteningup fromyesterdaythe day before covid cases in glasgow 
covid"
"628","if you look at my tweetsi’m not worried about covid or “lockdowns” or freedoms and neither do i me…"
"629","yup example"
"630","although peopleand older are now eligible to register to receive covid vaccinations contra costa health ser…"
"631","news cancer screening tests cancer diagnoses during covid pandemic"
"632","woman suffers whole body convulsions after taking experimental moderna covid vaccine"
"633","teachers could start being vaccinated for covid as early as late feb but most will likely get their first dose…"
"634","forbes article
made from monkey dna
<U+FFFC>
<U+FFFC>

the astrazenecaoxford vaccine is a chimpanzee adenovirusvectored…"
"635","want to see some hoops get your free covid test and drop the positivity rate 
testing here"
"636","gotta stop taking my mask off when im doing the dishes before i catch this covid <U+0001F926><U+0001F3FE><U+200D><U+2642><U+FE0F>"
"637","woman suffers whole body convulsions after taking experimental moderna covid vaccine"
"638","just checking my local covid dashboarddied km radius of my front door today <U+0001F62C>"
"639","yesthere’s an hisd covid dashboard that counts cases of student and staffthey still keep addin…"
"640","educators in abq tell me theyre hopeful the covid vaccine will aid school reopen plans in newmexico and that…"
"641","biden lays outtrillion covid relief package withstimulus checks"
"642","i tried to initially give trump the benefit of the doubt when he first went into office i really did…"
"643","more pregnant women are being treated for covid in intensive care in current waveinews"
"644","the corporate elite are pushing ahead with smart cities technofascist prisons in the face of the global covid…"
"645","as the covid pandemic continues its important to practice selfcare s covid coach app provides…"
"646","covid vaccination delays cost liveseditorial"
"647","the real story on the vaccine rollout is more complicated than youve heardhuffpostvia…"
"648","i had a cold for likedays and my body temp dipped to f but like it obviously wasnt covid and i have no idea how i got it"
"649","ok we get itthe covid vaccine is an injection in the armwe don’t need to seedifferent views on every broadcast"
"650","just in there is a sudden new rule requiring people traveling to gitmo to come with a negative results covid te…"
"651","questions about the covid vaccines join senior pastor bryan carter concord church today thursday january …"
"652","what’s the science behind this higher likelihood of getting covid betweenpm andam"
"653","hey that’s great but overpeople a day are dying from covid what good does this do…"
"654","leverage to get all progressive policies passed ma retroactivecovid relief and gnd most importantly"
"655","disneyland is officially getting rid of their annual passes due to covid"
"656","rear window but during covid and its me looking out the sliding glass door of my townhouse into the alley where se…"
"657","i really should be packing and figuring out how im gonna get to new york but the possibility i’ll test positive…"
"658","had to laugh at the called it comments because the pope got the cov…"
"659","new york wont tax forgivable ppp loans decides to comply with federal tax regulation that was adopt…"
"660","this probably should not come as any great surprise coviduk
covid"
"661","drafted to the lions
 injuries
 covid year"
"662","and just like thatthe election is over and covid disappears<U+0001F57A><U+0001F602><U+0001F602><U+0001F602>"
"663","what if covid took away your smell taste and you can’t see or hear fordays straight"
"664","im canadian where i live the maritimes has all but eradicated covid my province last had…"
"665","heres the regional covid breakdown from ab health for today jan
total activedown from 
ca…"
"666","i know what the covid is where it comes from i won a nobel peace prize for helping to determine it in mar…"
"667","according to the cdc website the usa is atmillion vaccinated with the first dose

we have a ways to go but i…"
"668","gotta pay for an app wait in line hoping the animal you wanted ain’t gone by the time you get appro…"
"669","residents and healthcare workers are concerned about covid surge in florida and sta…"
"670","saw this article and thought of you"
"671","humanity is mind blowing mixed with covid"
"672","both my grandparents have covid and my grandpa is in the hospital <U+0001F62C><U+0001F62C><U+0001F62C>"
"673","yeah people and places and stuff and unwanted hugging and touchingand sneezing without having to expla…"
"674","twdeathshooting 

white male mass shooters have not gotten the death penalty but black men who suffer from i…"
"675","this illness is simply not that severe for the vast majority of the population this doctor should nev…"
"676","nassau county is committed to an equitable distribution of the covid vaccine

the county is working closely wit…"
"677","how can you waste time in trivialities such as impeaching a president who is practical…"
"678","on the latest edition of theshow reactions to s recent postponements due to covid a…"
"679","the gop response see we told you sosocialism and deficits

joe biden just released histrillion covid re…"
"680","despite covid cases rising more colleges plan to reopen in the spring"
"681","we survived covid for this

lets fucking go"
"682","i agree keep getting e mails from my condo association were now up topeople testing positive…"
"683","tonightpm pstmalcontentment happy hour

 black coffee nw target of racism
 behind the pole with…"
"684","you truly don’t know what you’re talking about he had aapproval rating before c…"
"685","another covid crisis coming"
"686","heyloved the piece tonight on business pivotsplease talk to my best covid restructuring of a smal…"
"687","i wonder how covid is spreading in mainly muslim countries compared to non muslims ones like i wonder if the niq…"
"688","“this could be the next public health disaster in florida” said aron banks whose doralbased company cardiopath s…"
"689","onnews atgovjoinsin studio to discuss covid mitigation and vaccine distribu…"
"690","i have to take time off work unpaid because my husband is extremely clinically vulnerable ive had…"
"691","covid uks largest temporary morgue set to open with high deaths to continue for some weeksuk newssky n…"
"692","there are nowalbertans in hospital with covidof which are in icu anddeaths

the province com…"
"693","covid its real my nigerian brothers and sisters pls protect yourself use mask practice social distance take…"
"694","an inaguration closed to the public
covid killedtoday alone
vaccine distribution is worst in…"
"695","the headline makes it seem as though all k deaths are as a result of covid if you read it passively"
"696","for the recordas covid cases and deaths continue to climb in the us the pandemic of misin…"
"697","im all for that so long as scientific evidence supports these claims and teachers instructors and…"
"698","today we announced provincewide changes to restrictions around personal services and capacity limits on outdoor s…"
"699","guardian reporting today covid patients being transported as far as newcastle to receive treatment…"
"700","my colleague had positive covidi went on annual leavethe ser…"
"701","lloydminster’s home depot says despite having to work around the covid pandemic this year’s orange door campaig…"
"702","the washington post puts antiisrael narrative before covid vaccine facts"
"703","president elect joebiden announcestrillion covid proposal extratrillion for rd stimulus check …"
"704","biden’strillion covid relief bill will definitely help millions of americans in serious need this is the act of a real leader"
"705","to all returning residents welcome back and dont forget to get your covid test before moving back into your room after winter break"
"706","breaking world’s covid death toll exceededmillion"
"707","that was short term while shaving the covid beard this summer but she likes to bring out the picture ev…"
"708","two texas billionaires got amillion pandemic relief loan for one of their fracking companies but only after s…"
"709","lockdownlight does not work “manitoba had a higher rate than we did at the start of december and right now th…"
"710","still going to the grocery store with new virus variants spreading it’s probably time to stop"
"711","has anybody on here lost their tastesmell with covid i just wanna know when it’s gonna come back <U+0001F62D>"
"712","you already gotdollar checks also all those times you took a penny but didnt lesve one that was all covid r…"
"713","press release covid vaccine update for north central idaho"
"714","just in grand river transit is reporting another two covid cases both employees are bus operators and are now…"
"715","i hope she and the foundry returnthey both have a special place anf meaning in my heart

my grandfa…"
"716","its too bad but with luck after the initial postcovid disneyland rush theyll r…"
"717","out of pocket for covid test what happen to free testing"
"718","plan for covid no"
"719","if you passed first grade you w…"
"720","as the covid crisis in los angeles continues to put an incredible strain on local hospitals our team is delivering…"
"721","lets face ither treating of the help was cemented well before covid heyhow th…"
"722","happening nowsays firstemployees to start getting covid vaccineat broadbent arena h…"
"723","hate to break it to you q anon prats but donny hasnt arranged a d planet for you to ascend to drop dead fred ha…"
"724","for the recordas covid cases and deaths continue to climb in the us the pandemic of misinformat…"
"725","“currently frontline health care workers residents and staff at long term care facilities nursing homes assiste…"
"726","must be covid eating or maybe you’re depressed either way you are gross"
"727","i know twitter lives him but really the guy who unnecessarily drove hundreds of miles a day adding to our terrib…"
"728","covid has hit latino communities in california so hard that if i dont get it im going to feel like i lost some of my authenticity"
"729","this is the great reset the conspiracy theorists have been banging on about bidens inauguration will…"
"730","i wanna pet them so bad i wish there was no fucking covid and was rich id tour the country meeting…"
"731","graveside service setyearold covid victim"
"732","how early should you get to your covid vaccine appointment and are there toiletsmiami herald…"
"733","covid health care workers at high risk for mental health issues"
"734","stagetheatre news gerry cottle circus showman and wookey hole caves owner dies of covid agedcottle toured…"
"735","play the damn games or cancel the seasonno sense in postponing gamesthis is ridic…"
"736","israel the palestinians and the covid vaccines the new bloodlibel"
"737","covid pain too naturalconsequences"
"738","i want to remind albertans that sport rec amp fitness and restaurants have been closedrestricted since november …"
"739","i lived in california throughout this pandemicand didnt encounterperson in a year…"
"740","elders at indigenous retirement home in toronto receive covid vaccinecbc news"
"741","i miss axe throwing go cart racing and going to grab a mf drink wherever and whenever i want i’m mf tideeee of covid gt"
"742","the recorded death count from the covid pandemic is nearingmillion the true extent is far worse"
"743","how are they doing drag race with covid do they all get tested before or what"
"744","little harder with covid but if you’re willing to quarantine your first country it’s p…"
"745","like the most it was complications from covidhe had been hospitalized for a couple months"
"746","many wont like thisbut it is becoming crystal clear that the high priests of the covid cult must meet…"
"747","firstmillion in covid aid disbursed to minn businesses"
"748","can we finally admit that covid was used as a political tool for dems to destroy the presidentand that liberals…"
"749","five total cases of covid variants now in bcmy cariboo now"
"750","can’t wait for people to get their stimulus checks and start spending it <U+0001F44C>

joe biden just released histrilli…"
"751","covid got me asking my parents for permission to go places like i’myears old again i’myears old"
"752","some people are really out there playing chess with covid by going out everyday not keeping their distance and sti…"
"753","this should be interesting

porter seems of the type that would be laughing at drew for getting covid"
"754","its every where gop cowards bitch about covid staying home amp…"
"755","i dont normally praise a tory mp but fairplay to mr obrien for calling oututter coviddenying bulls…"
"756","postholiday covid surge hits new deadly recordsthehill"
"757","this tweet is the bat that caused covid x"
"758","covid brazilian variant sparks south america travel ban"
"759","how do the gov lawyers sleep at nightno realm of sanity to continue fightingopposing thismaybe if there…"
"760","we are loving this critifictional coursesyllabus from the year ” that imagines a syllabus for food pasts f…"
"761","for the recordas covid cases and deaths continue to climb in the us the pandemic of misi…"
"762","as democratics we must unite solely with president biden to get the agenda done for the a…"
"763","it is painful enough to deal with what many of us have lost from covid amp trumpplease warn us b…"
"764","things i did in this room while you were standing me

i started the logicg eazyjack harlow topic 

defended…"
"765","it’s not called “covid pandemic”

it’s called “<U+0001F449><U+0001F3FF>new<U+0001F448><U+0001F3FF> world order”"
"766","so happy my covid results came out negative <U+0001F44F><U+0001F3FC>"
"767","and with covid there was every “excuse” to show up with a mask 

but nope “masks are tyranny”"
"768","arizona auto glass replacement
cash back with windshield replacement
approved by all insurance com…"
"769","hi friend earnest question that i also asked the teacher from op what do you…"
"770","y’all really believeniggas died from covid inalready<U+0001F602><U+0001F602><U+0001F602>"
"771","the fact people think it is all hunky dory the mhra the independent gove…"
"772","vietnam had covid they eliminated it just like we did in nz"
"773","this tweet is bizarre for many reasons but mainly <U+2063>
<U+2063>
 i promise anyone who has experienced being houseless and…"
"774","lmaoooo as if covid was enough a new strain of bird flu is popping up united states is gonna drop the ball again w…"
"775","great figurestryare nothing to worry about thatis a very old person who is frail w…"
"776","yes kids need to learn socialize and develop no matter what else is going on their lives cant wait for age ap…"
"777","does anyone have the full list of artists that are blacked out now because ive lost count

regarding playing durin…"
"778","covid vaccination information can be found here"
"779","gonna try it when the vaccine for covid is improved and distributed cause i dont wanna risk getting covid…"
"780","just got my second covid vaccine a couple days ago i hope we get to point soon where we can get back to almost normal"
"781","very grateful for my opportunity to get the covid vaccine tomorrow <U+2728>"
"782","oxigenioparamanaus
covid eruption in brazils largest state leaves health workers begging for help"
"783","scariest thing is most of those without a single thought of how dire this covid situation is and the need to adhere…"
"784","hello just thinking about this covid amp how we handle it – j amp i didwks in sydney we had come via auck where…"
"785","a covid factory just waiting to happen forced on the residents of southphilly"
"786","i never lie as an adult amp i cap so you read a real word so chill for this please the first of sorts modicume of…"
"787","sowhat is your answer to buoy your tax base and keep the bay area vitalc…"
"788","this was back in may i didnt see any of this
pm offeringmillion more in covid aid to indigenous people…"
"789","because of where ive come from i dont have to
however im going to continue acting as though i…"
"790","is of course at liberty to express his opposition to boris johnson and his covid strategy just as bo…"
"791","this is the new deal for the covid pandemic"
"792","i have covidi didnt have symptoms but now i have fever wtf"
"793","declaraciones debusiness analytics manager en"
"794","the reality is much more complicated students are paying too much and staff…"
"795","also much like covid many people incorrectly assumed it was j…"
"796","under the countys latest directive libraries and some and some public health and park services will be reduced un…"
"797","worst thing about covid is not being able to taste or smell <U+0001F62D>"
"798","hope u can advise my gran is ampjust home fromwks in hospital after a fall she has multiple bro…"
"799","unfortunately yes although covid may have helped as social distancing means people k…"
"800","as if this guyhas any room to talk about suppression of information whats going…"
"801","i get worried when i dont see my tweeters tweetuntil covid is goneyou better tweet regularly peopleyou hear<U+0001F621>"
"802","breaking mainehealth told somepatients it will start scheduling vaccines as soon as next week and will s…"
"803","presidentelect joe biden is set to call for atrillion plan to help americans weather the economic shock of t…"
"804","announcement uaiicommunity today our uaii community clinic is offering agift card for new or existing clien…"
"805","this is as believable as injecting bleach to get rid of covid"
"806","angela merkel said she will lockdown germany for over weeks if coronavirus infection count doesnt fall the euro…"
"807","wake up and stop thinking of yourself spare a thought for the thousands of non covid deaths stop and think about…"
"808","am approved by the covid restrictions to go currently they classify me as not a “necessity” since i’m not sucida…"
"809","anecdotally my exwife runs a busy openplan department store no workplace transmissio…"
"810","go to appointments and schedule and you will be given a big set of panels one of wh…"
"811","the summer before covid i went to about six south asian weddings all clearingpeople…"
"812","hi i’m due to fly home from japan to the uk on monday the th at pm japan time am uk time…"
"813","and because of covid dont forget the pandemic"
"814","so i felt like crap from the st dosebut i’ve had covid and apparently the first dose kicks your ass if you’ve…"
"815","i know we we will miss seeing you though amanda and her husband have covidi f…"
"816","already since the beginning of alreadyflights have arrived in toronto with covid positive…"
"817","its pretty sad thousands of people are dying every day from covid tens of thousands of people are out of work amp…"
"818","people dead from covid in the uk let that sink in its like someone killed off the entire population of c…"
"819","just heard a person is dying of covid everyminutes in la county is this what those people who repeatedly minimi…"
"820","from ecuador she recounts how prayer helped her family overcome covid when she was pregnant
“i know that prayer sa…"
"821","postcovid lungs worse than the worst smokers lungs surgeon sayscbs news"
"822","uk reports anothercovid cases – record number now in hospital with disease"
"823","its hard to tell if something comes from the newsinfluencers or real reliable factual news sour…"
"824","i have to sneeze in a public place but it’s not covid i’m just allergic to this cancer y’all keep smoking around me"
"825","so apparently you need an id to get a covid test but not to vote"
"826","covid update victoria records no new local coronavirus cases fromtests"
"827","back to work after kicking covids butt thank god your fave nurse is back<U+0001F929><U+0001F60A>"
"828","because the ceo who helped push out wynn is a raving lunatic who want people to be chipp…"
"829","uk will ban all travellers who have been 

more 

air body call cargo company…"
"830","i am once again asking for somebody to come and hold mecovid safeand respectfully thank you <U+0001F974>"
"831","it’s just a rumor every game it’s getting delay because of covid and pushed date to next yearso that will…"
"832","the point is covid is running rampant in nhs hospitals at the moment obviou…"
"833","i get my covid test results back tomorrow <U+0001F600> funny how i got exposed at work of all places but had to work bc the go…"
"834","how to sign up for the covid vaccine in butler county"
"835","trees can’t get covid that’s why nam doesn’t have any cases…"
"836","i think we have heard enough about the masks my daughter and son in law have covid do…"
"837","my favourite line is defended religious libertyto all people of faithunless youre muslim and nor…"
"838","sick i went to the beyond the streets art show before covid out here in los angeles it was dope"
"839","should write an oped about this if you want schools to open you need to keep our tea…"
"840","covid brazil hospitals run out of oxygen for virus patients"
"841","im very much impressed by president bidens covid relief plan"
"842","overmillion cases of covid in the us so far almost the entire population of australia and almost the entire p…"
"843","monument board of trustees passes resolution opposing covid restrictions"
"844","you guys— i woke up from a postcovid vaccine nap and my husband took it upon himself to order takeout without cons…"
"845","covid sask reportscasesrecoveries record hospitalizations"
"846","day 

covid is getting worse"
"847","national guard provides covid vaccine help in overwhelmed states"
"848","is prepared to to crush covid and buildbackbetter thats why his relief package will
 
<U+2705>contain th…"
"849","covids toll on smell and taste what scientists do and dont know"
"850","settlements dwellers smell covid corruption"
"851","up coverage
urban covid
unemployment capitol
unarmed calls
updates coronavirus
ultra cargo
upgraded censure
use cindy"
"852","for the recordas covid cases and deaths continue to climb in the us the pandemic of misinforma…"
"853","man yeah my fucked lungs and heart months after my covid infection thank you for this bullshit"
"854","biden’s cabinet picks are a missed opportunity for change we need in a covid recessionusa today"
"855","i just want to take the time to saythank you tofor being one of the positive impacts in my life that…"
"856","“we appreciate our vaccinators are looking ahead however teachers are not currently eligible for the covid vac…"
"857","you not doing the black party this year for your bday with larrynot tryna get covid huh"
"858","trashnite with covid"
"859","texas becomes first state to give outmillion doses of covid vaccinethe texas tribune"
"860","heard on the news that aboutpeople are expected to die from covid in the nextweeks please wear a mask…"
"861","nacds says they can givecovid vaccinations in one monthhit ‘em uphomenational association of…"
"862","protecting scarboroughtown hall discussion withaddressing how we can best pr…"
"863","created by the biggest idiot to ever sit in the office of the president obama left hi…"
"864","throwing a party for only people who have tested positive for covidhow bout that"
"865","people ask me if i ever played paper magic before covid i barely played arena i would have the most fun playing w…"
"866","it’s a real bummer we’d had the pass for a little over a year when covid hit and it was a nice way…"
"867","early reports were of an unknown viral pneumonia which was highly contagious

then name covid got slapped on a…"
"868","this is absolutely outrageousmust resign immediately and deal with her quarrel wi…"
"869","when i used to see the covid spread numbers i would be very disappointed now vaccines offer optimism for …"
"870","mass is nd in terms of administering the doses weve been sent and th in terms of percapita coverage totally…"
"871","tell me what else you are doing 

 are you increasing ventilation
 
 have you bought a highquality hospitalgra…"
"872","im not talking about the situation anymore im so done with people idc if they unfollow it dont hurt me im goi…"
"873","the south carolina mens basketball team returns to action after its latest covid pause but will be without hc f…"
"874","congratulationsyoure my go to newsfeed for covid updates"
"875","the stars covid outbreak threw off of their plans in terms of roster and cap management 
luckily the front offic…"
"876","thisfrom the people who’ve got everything wrong on covidis obviously deranged given we’re now in the worst p…"
"877","i just signed up for my covid vaccine"
"878","florida’s surgeon general “the federal government has advised that this is a federal…"
"879","op caused covid to happen i think"
"880","open photo

cyclists in utrecht <U+0001F1F3><U+0001F1F1> wait outside in line next to idling cars waiting in line for covid testing <U+0001F44E>"
"881","i miss pre covid and walking in the club hearing doin it by moneybagg"
"882","for the recordas covid cases and deaths continue to climb in the us the pandemic of misi…"
"883","seriously the list is way too long if you don’t know you’ve been in the dark for the lasty…"
"884","we also know that the people who listen to his stupid covid advice are more likely to fa…"
"885","moderna ceo says the world will have to live with covid forever"
"886","in a newly published article keith barnhill phd crna arnp et al presents a phase reopening framework use…"
"887","we need mo retroactive to march we have lost so much during this and gained so much debt that…"
"888","something i need to know the answer to how come i can’t make a living due to covid yet movies tv shows and music…"
"889","anyone whos paying attention knows that the covid virus has a survival rate offor the vast majority of peop…"
"890","past covid infection can give immunity formonths – but you can still transmit the virus"
"891","took covid vaccine last week real just buggin a lil but im all good <U+0001F603><U+0001F44D>"
"892","round threedereliction of duty for his covid lies and inaction"
"893","an increase in aca subsidies is in the new biden covid relief package <U+0001F64C><U+0001F3FC>"
"894","having my usual “cooking dinner snack”eating pecans while i make beef with broccolii blame covid"
"895","and nobody dead for covid"
"896","full blown covid sounds like full blown aids but whatever happy recovery stop spreading covid by…"
"897","biden to announcechecks and national vaccination program as part oftrillion covidrelief plan"
"898","that covid wasnt as deadly as the flu"
"899","maybe you should focus on what you can actually help with unemployment vaccine distribution covi…"
"900","three dozen mayors ask biden for direct shipments of covid vaccine"
"901","cuomo lied about having covid don lemon is an embarrassment"
"902","an amazing example of efficiencyreceived my first poke of the covid vaccine todaythank you…"
"903","sorry to hear it i know how you feel we lostfamily members since octomberof them to covid then i…"
"904","isampgoing to “buy” into private hospitals liketo provide urge…"
"905","i spoke with a wiassembly staffer earlier amp mentioned setting up mtgs with legislators in the time of covid he s…"
"906","biden’strillion covid relief plan calls for stimulus checks unemployment support and more

read…"
"907","see its attitudes like that mean we are gonna have to endure covid for even longer bec…"
"908","does this mask make my covid look big"
"909","governor hogan announces expansion of covid vaccine eligibility for marylandersand over"
"910","“she says patients whove had covid symptoms show a severe chest xray every time and those who were asymptomat…"
"911","oh dear looks like shares in twitter have contracted covid<U+0001F927><U+0001F927><U+0001F927><U+0001F637><U+0001F637><U+0001F637>"
"912","inaustralians in numbers stormed parliament houses across the country with weapons tying kits and nooses de…"
"913","i just want a work from home job i’m not going back to the nail salon especially with all this covid shit"
"914","it was also a line forged out of the new zealand fundamentalism of your favourite academic given how int…"
"915","i’m a canadian who lost my employment because of covid 
i’m a huge fan in fact many of my family and f…"
"916","nigeria gave who cholera vaccine inbut lame today against covid"
"917","nah thats the good news i was worried that i had covid"
"918","the national news networks are currently showing personsand older getting the covid vaccination in california a…"
"919","some woman sharing her grievances somehow is supposed to imply that covids a hoax<U+0001F602><U+0001F602><U+0001F602> yeah this is re…"
"920","even if i got covid ua still wouldn’t give me my money back <U+2764><U+FE0F>"
"921","this is a news article based on a scientific study i would seek out the study and give y…"
"922","a covid super spreader machine with lethal consequences for your children but ppl sit here and say yeah open up"
"923","past covid infection can give immunity formonths – but you can still transmit the virus"
"924","my sources are telling me jokic was out playing pokémon go and contracted covid"
"925","we will be unstoppable in those parks the day it is covid safe whenever that may be we are ready <U+270B><U+0001F3FB>"
"926","im sorry covid took my uncle eddie too"
"927","“vaccine tourism” florida visitors can get covid shots and residents aren’t thrilledthe wall street journal"
"928","in new jersey peopleand older and peopleand older with highrisk medical conditions are eligible for the v…"
"929","my uncle who i always dog sat for has covid hoping he’ll be okay <U+0001F643>"
"930","one of my biggest fears with our horrible response to covid and sluggish vaccine distribution was the emergence of…"
"931","zero cases of covid but victorians cant return home everyone has lost the plot"
"932","grateful to see the new review article out following three rounds of peer review per dr…"
"933","wonder where he is now probably taking part in rallies against masks and covid restrictions since he’s so “pro life”"
"934","keep up c people have been screaming about this for monthsyou lot have probably been…"
"935","unfortunately we live in a society that tends to take their sick and their elderly lock them away li…"
"936","does anybody else feel like antimaskers and people who compare covid to the flu should not get a vaccine shot"
"937","damn <U+0001F615> <U+2192>brazil is ranked number two in the world lists of covid<U+30FC> fataliti…"
"938","drove an hour to campus to spit in a tube <U+0001F610> yay covid testing"
"939","someone using the gym attached to my works building tested positive for covid they share the elevator amp garage…"
"940","notre goal a tous post covidun bbq <U+270C><U+0001F3FB><U+0001F602>"
"941","better not be covid enforcement related"
"942","hey guys theres an antidote to covid believers
i wouldnt take it i have developed a natural immunity from my…"
"943","coping with the changes covid created in employees workdayemployeeexperience virtualmeetings"
"944","does it include the expansion of ffcra to includeweeks of covid sick leave and time off for school…"
"945","much more info available online about it now"
"946","covid beard ftw"
"947","but covid relief will increase the deficit"
"948","i read here that a symptom of covid is hip joint pain which started for me a week ago but is gone now"
"949","i apologise in advance for old fart language its my age excuse me

im in casualty 

…"
"950","what if implicit bias backfires and makes the problem worse 

defenders of the…"
"951","and covid got no bars open in seattle"
"952","working women of color were making progress then the coronavirus hit"
"953","my heart goes out to anyone who is mourning a loved one just hearing so many covid stories and its scary how people just die"
"954","even better sign the covid stimulus checks at the bottom “black lives matter”"
"955","young doctor explains why he’s against forced covid vaccine"
"956","while covid pushes the nhs to breaking point private healthcare is thrivingpolly toynbeeopinionthe guardi…"
"957","i wanna see what happens after people take the vaccine and covid cases are still rising <U+0001F928><U+0001F9D0>"
"958","postcovid lungs worse than the worst smokers lungs surgeon sayscbs news"
"959","false rumors of spare covid vaccines on social media spark frenzy in nyc"
"960","not uno but can suggest covid based monopoly my friend coded this game"
"961","it’s taken a pandemic but i honestly feel like covid and zoom audiences on question time are bringing us more c…"
"962","does covid make your hair fall out"
"963","fantastic an excellent leap in the right direction you will experience criticis…"
"964","tell me again how we dont have money for covid relief healthcare education etc god i hate this administration…"
"965","in what county"
"966","ur covid patients in hosp are on the rise"
"967","our government has contempt for us
even brazil is giving citizens a stipend during covid"
"968","that’s irrelevant last year there were …"
"969","“i got the covid vaccine from moderna” 
and then she proceeds to…"
"970","that would be none of them the hospitalization rate for new covid cases in joco isdeath rate is close to …"
"971","oh man i have a friend who is having a bad reaction to the vaccine but she also had covid itself like two weeks ago…"
"972","years ago hadyoung children worked ft hrly mngmt wcrappycappedbenefit…"
"973","yo there aremillion covid cases in the united states as of today this shit is reality amp it’s scary"
"974","i think i need to get a covid test but it feels extremely irresponsible to take the bus and the nearest testing ce…"
"975","mais
lockdown mais

…"
"976","nobody wants to hear this bullshit covidhasnt just hit lfc"
"977","an experimental vaccine is a foolish panacea"
"978","missouri moves to b tiertoday which includes all healthcare workersib tierstarts monday which includes …"
"979","covid"
"980","and then two weeks later hanks was the first household name to “get” covidand then americans as pl…"
"981","i lost a cousin to covid complications today 

he was a navy vet with an engineers mind that took him to ant…"
"982","children of all ages are susceptible to and can transmit sarscov younger children appear to be less susceptibl…"
"983","eight unusual covid vaccination sites around the world"
"984","people dying everyday in us and joe rogan is strongly affirming that people overreacted to covid"
"985","this is so much uninformed garbage

teenagers are being admitted with covid amp one of the effects in a significant…"
"986","i want to work with other plus size sex workers but covid has me crazy paranoid <U+0001F613>"
"987","austin public healths stateapproved hub for the distribution of covid vaccines provided nearlydoses to…"
"988","covid has kept me from uncomfortable social settings and that’s about the only good to come from it"
"989","cbs says mass below national average in distribution of vaccines maybe we sh…"
"990","covid japanese top league postponed until next month afterpositive tests"
"991","how can she say in january what is going to happen in june with covid the lc is always…"
"992","all these party flyers in the middle of covid aggy"
"993","ivanka the insurrection and your fathers impeachment are still front and center we are…"
"994","pls share covid update joe biden announcestrillion covid economic package"
"995","we are committed to vaccinating our members as soon as possible given available supply due to high demand we are…"
"996","she’s a saint and deserves one at the us capitol for her contributions to the covid vaccine and the preside…"
"997","i no understand o be like say na covid"
"998","been having shortness of breath lately not covidso until thats sorted out only then i can smoke"
"999","i believe covid deaths peaked today asreported<U+0001F633>"
"1000","in the mood to catch a comedy show blasted with some drinks but covid is kicking all our asses"
